rebalancing_number,timestamp,triple_confluence_scaler_weight,wolf_pack_3_edge_weight,adaptive_ema_momentum_weight,vwap_bounce_weight,opening_range_breakout_weight,constraint_adjustments,rebalancing_reason
1,2026-04-01T15:03:37.915827,0.2,0.2,0.2,0.2,0.2,{},Weekly optimization
1,2026-04-01T15:03:38.014040,0.2,0.2,0.2,0.2,0.2,{},Weekly optimization
1,2026-04-01T15:03:38.109649,0.2,0.2,0.2,0.2,0.2,{},Weekly optimization
1,2026-04-01T15:04:54.315839,0.2,0.2,0.2,0.2,0.2,{},Weekly optimization
1,2026-04-01T15:04:54.509739,0.2,0.2,0.2,0.2,0.2,{},Weekly optimization
1,2026-04-01T15:04:54.517030,0.2,0.2,0.2,0.2,0.2,{},Weekly optimization
1,2026-04-01T15:05:56.412329,0.2,0.2,0.2,0.2,0.2,{},Weekly optimization
1,2026-04-01T15:05:56.511406,0.2,0.2,0.2,0.2,0.2,{},Weekly optimization
1,2026-04-01T15:05:56.516781,0.2,0.2,0.2,0.2,0.2,{},Weekly optimization
1,2026-04-01T15:07:11.713761,0.2,0.2,0.2,0.2,0.2,{},Weekly optimization
1,2026-04-01T15:07:11.720144,0.2,0.2,0.2,0.2,0.2,{},Weekly optimization
1,2026-04-01T15:07:11.814944,0.2,0.2,0.2,0.2,0.2,{},Weekly optimization
1,2026-04-01T15:08:24.315219,0.2,0.2,0.2,0.2,0.2,{},Weekly optimization
1,2026-04-01T15:08:24.408374,0.2,0.2,0.2,0.2,0.2,{},Weekly optimization
1,2026-04-01T15:08:24.412572,0.2,0.2,0.2,0.2,0.2,{},Weekly optimization
1,2026-04-01T15:11:05.414154,0.2,0.2,0.2,0.2,0.2,{},Weekly optimization
1,2026-04-01T15:11:05.514388,0.2,0.2,0.2,0.2,0.2,{},Weekly optimization
1,2026-04-01T15:11:24.312678,0.2,0.2,0.2,0.2,0.2,{},Weekly optimization
1,2026-04-01T15:11:24.317681,0.2,0.2,0.2,0.2,0.2,{},Weekly optimization
1,2026-04-01T15:11:24.322765,0.2,0.2,0.2,0.2,0.2,{},Weekly optimization
1,2026-04-01T15:14:27.510316,0.2,0.2,0.2,0.2,0.2,{},Weekly optimization
1,2026-04-01T15:14:27.515422,0.2,0.2,0.2,0.2,0.2,{},Weekly optimization
1,2026-04-01T15:14:27.608953,0.2,0.2,0.2,0.2,0.2,{},Weekly optimization
1,2026-04-01T15:14:55.413064,0.2,0.2,0.2,0.2,0.2,{},Weekly optimization
1,2026-04-01T15:14:55.417884,0.2,0.2,0.2,0.2,0.2,{},Weekly optimization
1,2026-04-01T15:14:55.509540,0.2,0.2,0.2,0.2,0.2,{},Weekly optimization
1,2026-04-01T15:15:17.520075,0.2,0.2,0.2,0.2,0.2,{},Weekly optimization
1,2026-04-01T15:15:17.524064,0.2,0.2,0.2,0.2,0.2,{},Weekly optimization
1,2026-04-01T15:15:17.608278,0.2,0.2,0.2,0.2,0.2,{},Weekly optimization
1,2026-04-01T15:15:37.921473,0.2,0.2,0.2,0.2,0.2,{},Weekly optimization
1,2026-04-01T15:15:38.011586,0.2,0.2,0.2,0.2,0.2,{},Weekly optimization
1,2026-04-01T15:15:38.016580,0.2,0.2,0.2,0.2,0.2,{},Weekly optimization
1,2026-04-04T02:18:59.861849,0.2,0.2,0.2,0.2,0.2,{},Weekly optimization
1,2026-04-04T02:18:59.867488,0.2,0.2,0.2,0.2,0.2,{},Weekly optimization
1,2026-04-04T02:18:59.964400,0.2,0.2,0.2,0.2,0.2,{},Weekly optimization
